{"cameraMode":{"drawMode":0,"name":"Shaded","section":"Shading Mode"},"sceneLighting":false,"audioPlay":false,"sceneViewState":{"m_AlwaysRefresh":false,"showFog":true,"showSkybox":false,"showFlares":true,"showImageEffects":true,"showParticleSystems":true,"showVisualEffectGraphs":true,"m_FxEnabled":true},"in2DMode":false,"pivot":{"x":3.5649642944335939,"y":4.688314437866211,"z":16.147294998168947},"rotation":{"x":-0.14383339881896974,"y":-0.13992607593536378,"z":0.020548807457089425,"w":-0.9794449210166931},"size":2.6907505989074709,"orthographic":false}