{"cameraMode":{"drawMode":0,"name":"Shaded","section":"Shading Mode"},"sceneLighting":true,"audioPlay":false,"sceneViewState":{"m_AlwaysRefresh":false,"showFog":true,"showSkybox":true,"showFlares":true,"showImageEffects":true,"showParticleSystems":true,"showVisualEffectGraphs":true,"m_FxEnabled":true},"in2DMode":false,"pivot":{"x":-1.7418043613433838,"y":11.817984580993653,"z":7.417013168334961},"rotation":{"x":-0.4690167009830475,"y":-0.12714548408985139,"z":0.06844162940979004,"w":-0.8713061213493347},"size":3.3974263668060304,"orthographic":false}